OrderID,CustomerID,ProductID,Category,OrderDate,Quantity,UnitPrice,ShippingStatus,TotalPrice
O100000,C00103,P0049,Electronics,2023-10-04,1,321.9,Returned,321.9
O100001,C00271,P0045,Books,2023-06-14,1,321.9,Returned,321.9
O100002,C00107,P0093,Home,2023-01-26,3,321.9,Returned,965.6999999999999
O100003,C00072,P0030,Clothing,2023-07-23,4,321.9,Returned,1287.6
O100004,C00189,P0016,Books,2023-01-10,2,321.9,Cancelled,643.8
O100005,C00021,P0040,Books,2023-10-04,3,321.9,Pending,965.6999999999999
O100006,C00103,P0019,Clothing,2023-01-18,4,321.9,Pending,1287.6
O100007,C00122,P0018,Clothing,2023-09-08,1,321.9,Shipped,321.9
O100008,C00215,P0001,Electronics,2023-08-23,4,321.9,Returned,1287.6
O100009,C00088,P0078,Books,2023-08-31,4,321.9,Cancelled,1287.6
O100010,C00100,P0047,Toys,2023-12-04,1,321.9,Shipped,321.9
O100011,C00152,P0066,Clothing,2023-09-07,1,321.9,Shipped,321.9
O100012,C00131,P0092,Clothing,2023-09-06,1,321.9,Pending,321.9
O100013,C00150,P0094,Home,2023-03-02,2,321.9,Cancelled,643.8
O100014,C00258,P0038,Toys,2023-07-24,1,321.9,Cancelled,321.9
O100015,C00294,P0051,Toys,2023-05-12,2,321.9,Cancelled,643.8
O100016,C00192,P0063,Clothing,2023-03-24,1,321.9,Pending,321.9
O100017,C00277,P0004,Electronics,2023-04-03,2,321.9,Pending,643.8
O100018,C00161,P0001,Home,2023-01-02,4,321.9,Pending,1287.6
O100019,C00022,P0008,Toys,2023-04-22,3,321.9,Pending,965.6999999999999
O100020,C00253,P0029,Clothing,2023-03-11,4,321.9,Pending,1287.6
O100021,C00236,P0055,Toys,2023-09-19,4,321.9,Returned,1287.6
O100022,C00049,P0003,Home,2023-06-23,1,321.9,Returned,321.9
O100023,C00059,P0032,Home,2023-02-01,2,321.9,Cancelled,643.8
O100024,C00170,P0010,Books,2023-11-29,3,321.9,Shipped,965.6999999999999
O100025,C00188,P0074,Clothing,2023-04-01,1,321.9,Cancelled,321.9
O100026,C00271,P0083,Home,2023-02-26,1,321.9,Shipped,321.9
O100027,C00190,P0034,Books,2023-05-29,1,321.9,Pending,321.9
O100028,C00175,P0097,Books,2023-01-16,4,321.9,Shipped,1287.6
O100029,C00051,P0087,Toys,2023-04-16,2,321.9,Cancelled,643.8
O100030,C00055,P0055,Toys,2023-08-30,2,321.9,Cancelled,643.8
O100031,C00244,P0092,Books,2023-04-01,3,321.9,Shipped,965.6999999999999
O100032,C00131,P0032,Toys,2023-12-30,2,321.9,Returned,643.8
O100033,C00135,P0050,Home,2023-11-09,2,321.9,Pending,643.8
O100034,C00021,P0007,Electronics,2023-10-24,1,321.9,Pending,321.9
O100035,C00167,P0093,Home,2023-11-29,1,321.9,Cancelled,321.9
O100036,C00274,P0008,Books,2023-08-26,4,321.9,Returned,1287.6
O100037,C00089,P0065,Books,2023-04-03,1,321.9,Shipped,321.9
O100038,C00014,P0057,Home,2023-11-26,1,321.9,Pending,321.9
O100039,C00242,P0067,Toys,2023-02-02,1,321.9,Returned,321.9
O100040,C00265,P0088,Toys,2023-12-27,1,321.9,Pending,321.9
O100041,C00053,P0087,Books,2023-08-31,4,321.9,Returned,1287.6
O100042,C00092,P0059,Clothing,2023-02-15,1,321.9,Returned,321.9
O100043,C00264,P0072,Toys,2023-03-05,3,321.9,Cancelled,965.6999999999999
O100044,C00035,P0054,Home,2023-07-16,3,321.9,Pending,965.6999999999999
O100045,C00206,P0067,Toys,2023-06-05,3,321.9,Shipped,965.6999999999999
O100046,C00081,P0051,Home,2023-11-11,3,321.9,Cancelled,965.6999999999999
O100047,C00050,P0097,Books,2023-11-30,1,321.9,Cancelled,321.9
O100048,C00002,P0092,Toys,2023-09-13,3,321.9,Shipped,965.6999999999999
O100049,C00054,P0008,Home,2023-05-10,1,321.9,Cancelled,321.9
O100050,C00106,P0034,Books,2023-04-16,4,321.9,Returned,1287.6
O100051,C00260,P0035,Clothing,2023-10-08,3,321.9,Returned,965.6999999999999
O100052,C00191,P0096,Home,2023-02-20,2,321.9,Pending,643.8
O100053,C00218,P0088,Clothing,2023-03-03,3,321.9,Pending,965.6999999999999
O100054,C00044,P0078,Clothing,2023-04-07,3,321.9,Shipped,965.6999999999999
O100055,C00162,P0032,Electronics,2023-10-29,1,321.9,Pending,321.9
O100056,C00202,P0046,Toys,2023-06-01,3,321.9,Returned,965.6999999999999
O100057,C00270,P0016,Home,2023-02-09,2,321.9,Shipped,643.8
O100058,C00271,P0068,Clothing,2023-06-01,1,321.9,Shipped,321.9
O100059,C00215,P0037,Electronics,2023-06-14,1,321.9,Pending,321.9
O100060,C00252,P0054,Books,2023-08-05,4,321.9,Returned,1287.6
O100061,C00190,P0085,Home,2023-08-21,4,321.9,Shipped,1287.6
O100062,C00296,P0014,Clothing,2023-05-24,3,321.9,Returned,965.6999999999999
O100063,C00213,P0095,Toys,2023-06-27,4,321.9,Returned,1287.6
O100064,C00208,P0055,Electronics,2023-06-14,4,321.9,Returned,1287.6
O100065,C00237,P0048,Clothing,2023-11-10,4,321.9,Pending,1287.6
O100066,C00053,P0082,Toys,2023-09-22,1,321.9,Cancelled,321.9
O100067,C00280,P0007,Clothing,2023-12-23,1,321.9,Cancelled,321.9
O100068,C00217,P0074,Home,2023-12-20,1,321.9,Shipped,321.9
O100069,C00252,P0007,Home,2023-08-19,4,321.9,Returned,1287.6
O100070,C00188,P0033,Home,2023-04-12,1,321.9,Pending,321.9
O100071,C00041,P0023,Electronics,2023-01-03,4,321.9,Returned,1287.6
O100072,C00157,P0085,Home,2023-12-04,1,321.9,Returned,321.9
O100073,C00015,P0019,Toys,2023-08-12,1,321.9,Pending,321.9
O100074,C00065,P0019,Clothing,2023-06-20,2,321.9,Cancelled,643.8
O100075,C00009,P0036,Books,2023-07-01,3,321.9,Returned,965.6999999999999
O100076,C00129,P0029,Toys,2023-10-23,4,321.9,Returned,1287.6
O100077,C00136,P0060,Toys,2023-04-15,2,321.9,Cancelled,643.8
O100078,C00063,P0082,Home,2023-02-12,1,321.9,Pending,321.9
O100079,C00139,P0002,Electronics,2023-02-08,4,321.9,Shipped,1287.6
O100080,C00081,P0001,Clothing,2023-05-05,1,321.9,Cancelled,321.9
O100081,C00163,P0047,Electronics,2023-12-19,3,321.9,Shipped,965.6999999999999
O100082,C00289,P0069,Clothing,2023-04-18,2,321.9,Shipped,643.8
O100083,C00261,P0020,Clothing,2023-11-20,3,321.9,Cancelled,965.6999999999999
O100084,C00231,P0011,Electronics,2023-02-28,2,321.9,Returned,643.8
O100085,C00041,P0002,Toys,2023-03-10,1,321.9,Shipped,321.9
O100086,C00028,P0067,Clothing,2023-02-02,3,321.9,Shipped,965.6999999999999
O100087,C00135,P0087,Electronics,2023-03-07,3,321.9,Pending,965.6999999999999
O100088,C00201,P0012,Clothing,2023-12-11,1,321.9,Returned,321.9
O100089,C00268,P0020,Books,2023-09-01,3,321.9,Shipped,965.6999999999999
O100090,C00033,P0005,Toys,2023-06-30,4,321.9,Pending,1287.6
O100091,C00048,P0037,Home,2023-09-28,2,321.9,Returned,643.8
O100092,C00062,P0038,Clothing,2023-08-06,2,321.9,Cancelled,643.8
O100093,C00216,P0094,Books,2023-10-10,2,321.9,Cancelled,643.8
O100094,C00293,P0009,Home,2023-11-05,4,321.9,Pending,1287.6
O100095,C00099,P0098,Home,2023-11-30,2,321.9,Cancelled,643.8
O100096,C00172,P0053,Clothing,2023-12-11,1,321.9,Shipped,321.9
O100097,C00214,P0044,Electronics,2023-01-26,3,321.9,Returned,965.6999999999999
O100098,C00035,P0099,Clothing,2023-03-05,4,321.9,Shipped,1287.6
O100099,C00227,P0086,Books,2023-12-23,2,321.9,Shipped,643.8
O100100,C00101,P0024,Home,2023-02-17,1,321.9,Cancelled,321.9
O100101,C00131,P0081,Clothing,2023-01-27,3,321.9,Shipped,965.6999999999999
O100102,C00257,P0074,Electronics,2023-12-17,3,321.9,Cancelled,965.6999999999999
O100103,C00005,P0030,Clothing,2023-10-30,4,321.9,Returned,1287.6
O100104,C00218,P0059,Toys,2023-06-26,4,321.9,Returned,1287.6
O100105,C00255,P0087,Electronics,2023-07-26,4,321.9,Shipped,1287.6
O100106,C00283,P0096,Books,2023-04-25,1,321.9,Pending,321.9
O100107,C00207,P0081,Home,2023-07-14,1,321.9,Cancelled,321.9
O100108,C00015,P0081,Clothing,2023-01-29,4,321.9,Cancelled,1287.6
O100109,C00042,P0014,Electronics,2023-08-11,2,321.9,Shipped,643.8
O100110,C00179,P0009,Toys,2023-11-02,3,321.9,Cancelled,965.6999999999999
O100111,C00063,P0040,Electronics,2023-06-25,3,321.9,Cancelled,965.6999999999999
O100112,C00231,P0066,Toys,2023-02-03,1,321.9,Pending,321.9
O100113,C00241,P0025,Books,2023-09-14,3,321.9,Pending,965.6999999999999
O100114,C00052,P0073,Home,2023-05-30,2,321.9,Shipped,643.8
O100115,C00096,P0022,Books,2023-04-21,3,321.9,Pending,965.6999999999999
O100116,C00222,P0004,Clothing,2023-07-14,1,321.9,Shipped,321.9
O100117,C00231,P0026,Electronics,2023-08-27,1,321.9,Returned,321.9
O100118,C00237,P0058,Toys,2023-04-04,2,321.9,Shipped,643.8
O100119,C00143,P0029,Toys,2023-01-09,2,321.9,Returned,643.8
O100120,C00171,P0098,Electronics,2023-08-15,3,321.9,Shipped,965.6999999999999
O100121,C00029,P0087,Electronics,2023-07-14,3,321.9,Cancelled,965.6999999999999
O100122,C00036,P0037,Clothing,2023-12-05,1,321.9,Pending,321.9
O100123,C00013,P0075,Books,2023-05-15,2,321.9,Returned,643.8
O100124,C00160,P0070,Toys,2023-10-02,2,321.9,Shipped,643.8
O100125,C00187,P0018,Clothing,2023-02-21,2,321.9,Pending,643.8
O100126,C00243,P0085,Books,2023-12-23,3,321.9,Shipped,965.6999999999999
O100127,C00086,P0042,Clothing,2023-10-07,2,321.9,Pending,643.8
O100128,C00284,P0100,Toys,2023-03-14,1,321.9,Pending,321.9
O100129,C00066,P0041,Electronics,2023-07-06,1,321.9,Shipped,321.9
O100130,C00170,P0038,Electronics,2023-06-23,3,321.9,Returned,965.6999999999999
O100131,C00045,P0034,Books,2023-04-22,4,321.9,Returned,1287.6
O100132,C00062,P0017,Home,2023-10-19,3,321.9,Cancelled,965.6999999999999
O100133,C00134,P0037,Books,2023-10-22,4,321.9,Pending,1287.6
O100134,C00284,P0025,Home,2023-10-22,2,321.9,Cancelled,643.8
O100135,C00028,P0076,Clothing,2023-01-17,3,321.9,Cancelled,965.6999999999999
O100136,C00108,P0087,Clothing,2023-12-02,1,321.9,Shipped,321.9
O100137,C00044,P0086,Toys,2023-12-21,2,321.9,Shipped,643.8
O100138,C00286,P0085,Home,2023-06-22,1,321.9,Shipped,321.9
O100139,C00128,P0027,Toys,2023-06-11,2,321.9,Pending,643.8
O100140,C00231,P0057,Electronics,2023-10-19,3,321.9,Shipped,965.6999999999999
O100141,C00190,P0031,Home,2023-11-01,4,321.9,Shipped,1287.6
O100142,C00225,P0006,Books,2023-08-30,2,321.9,Pending,643.8
O100143,C00283,P0091,Electronics,2023-11-25,4,321.9,Pending,1287.6
O100144,C00121,P0040,Electronics,2023-06-09,2,321.9,Returned,643.8
O100145,C00116,P0098,Books,2023-03-29,1,321.9,Shipped,321.9
O100146,C00233,P0012,Electronics,2023-04-15,1,321.9,Shipped,321.9
O100147,C00259,P0053,Home,2023-01-02,2,321.9,Shipped,643.8
O100148,C00198,P0071,Toys,2023-02-11,4,321.9,Returned,1287.6
O100149,C00137,P0010,Electronics,2023-04-09,3,321.9,Shipped,965.6999999999999
O100150,C00165,P0045,Home,2023-01-01,3,321.9,Returned,965.6999999999999
O100151,C00225,P0017,Clothing,2023-04-23,1,321.9,Cancelled,321.9
O100152,C00234,P0026,Home,2023-01-28,3,321.9,Returned,965.6999999999999
O100153,C00172,P0085,Toys,2023-04-14,1,321.9,Cancelled,321.9
O100154,C00152,P0092,Home,2023-10-25,3,321.9,Shipped,965.6999999999999
O100155,C00160,P0062,Books,2023-08-29,2,321.9,Cancelled,643.8
O100156,C00096,P0046,Toys,2023-03-07,1,321.9,Returned,321.9
O100157,C00233,P0064,Clothing,2023-10-26,1,321.9,Pending,321.9
O100158,C00180,P0002,Books,2023-04-07,2,321.9,Cancelled,643.8
O100159,C00113,P0054,Home,2023-11-20,1,321.9,Cancelled,321.9
O100160,C00052,P0065,Toys,2023-10-14,3,321.9,Shipped,965.6999999999999
O100161,C00268,P0051,Clothing,2023-04-05,3,321.9,Returned,965.6999999999999
O100162,C00295,P0053,Books,2023-01-02,1,321.9,Cancelled,321.9
O100163,C00113,P0036,Clothing,2023-06-11,3,321.9,Cancelled,965.6999999999999
O100164,C00101,P0026,Home,2023-01-24,4,321.9,Cancelled,1287.6
O100165,C00113,P0029,Clothing,2023-03-01,1,321.9,Cancelled,321.9
O100166,C00081,P0021,Electronics,2023-10-24,2,321.9,Pending,643.8
O100167,C00187,P0011,Books,2023-08-04,4,321.9,Returned,1287.6
O100168,C00113,P0040,Clothing,2023-04-02,1,321.9,Shipped,321.9
O100169,C00002,P0011,Home,2023-02-12,2,321.9,Shipped,643.8
O100170,C00130,P0036,Home,2023-10-25,3,321.9,Pending,965.6999999999999
O100171,C00220,P0059,Clothing,2023-02-25,2,321.9,Returned,643.8
O100172,C00054,P0039,Home,2023-02-16,4,321.9,Cancelled,1287.6
O100173,C00224,P0099,Toys,2023-11-21,3,321.9,Pending,965.6999999999999
O100174,C00225,P0054,Toys,2023-02-04,1,321.9,Returned,321.9
O100175,C00126,P0098,Toys,2023-07-15,3,321.9,Cancelled,965.6999999999999
O100176,C00130,P0055,Electronics,2023-09-26,1,321.9,Pending,321.9
O100177,C00053,P0024,Clothing,2023-12-28,1,321.9,Returned,321.9
O100178,C00172,P0022,Electronics,2023-06-29,2,321.9,Shipped,643.8
O100179,C00218,P0069,Home,2023-07-09,2,321.9,Shipped,643.8
O100180,C00160,P0056,Electronics,2023-11-23,2,321.9,Returned,643.8
O100181,C00198,P0033,Home,2023-10-20,4,321.9,Shipped,1287.6
O100182,C00247,P0036,Home,2023-02-03,4,321.9,Returned,1287.6
O100183,C00203,P0020,Books,2023-08-04,2,321.9,Cancelled,643.8
O100184,C00184,P0083,Toys,2023-12-13,4,321.9,Returned,1287.6
O100185,C00123,P0099,Home,2023-04-05,3,321.9,Cancelled,965.6999999999999
O100186,C00255,P0081,Books,2023-01-02,3,321.9,Pending,965.6999999999999
O100187,C00294,P0062,Toys,2023-01-01,4,321.9,Returned,1287.6
O100188,C00280,P0098,Home,2023-06-04,4,321.9,Pending,1287.6
O100189,C00098,P0073,Home,2023-07-09,3,321.9,Shipped,965.6999999999999
O100190,C00198,P0026,Electronics,2023-07-05,1,321.9,Cancelled,321.9
O100191,C00240,P0066,Electronics,2023-11-10,3,321.9,Returned,965.6999999999999
O100192,C00144,P0073,Toys,2023-01-08,3,321.9,Pending,965.6999999999999
O100193,C00097,P0073,Home,2023-04-28,4,321.9,Cancelled,1287.6
O100194,C00201,P0040,Clothing,2023-08-07,3,321.9,Cancelled,965.6999999999999
O100195,C00124,P0017,Electronics,2023-02-21,4,321.9,Shipped,1287.6
O100196,C00187,P0001,Toys,2023-12-06,4,321.9,Shipped,1287.6
O100197,C00259,P0089,Home,2023-04-29,2,321.9,Cancelled,643.8
O100198,C00148,P0061,Home,2023-11-02,3,321.9,Cancelled,965.6999999999999
O100199,C00252,P0043,Clothing,2023-09-03,1,321.9,Returned,321.9
O100200,C00147,P0042,Toys,2023-11-18,2,321.9,Cancelled,643.8
O100201,C00148,P0025,Home,2023-04-02,4,321.9,Returned,1287.6
O100202,C00199,P0039,Electronics,2023-02-17,4,321.9,Cancelled,1287.6
O100203,C00128,P0035,Clothing,2023-09-26,1,321.9,Shipped,321.9
O100204,C00039,P0003,Toys,2023-09-19,4,321.9,Returned,1287.6
O100205,C00129,P0044,Clothing,2023-05-13,3,321.9,Pending,965.6999999999999
O100206,C00267,P0051,Electronics,2023-04-17,2,321.9,Shipped,643.8
O100207,C00151,P0094,Toys,2023-12-31,4,321.9,Returned,1287.6
O100208,C00298,P0098,Clothing,2023-12-19,4,321.9,Returned,1287.6
O100209,C00099,P0012,Books,2023-04-06,1,321.9,Pending,321.9
O100210,C00263,P0019,Electronics,2023-09-22,3,321.9,Returned,965.6999999999999
O100211,C00252,P0044,Electronics,2023-05-27,4,321.9,Cancelled,1287.6
O100212,C00144,P0059,Electronics,2023-08-12,1,321.9,Pending,321.9
O100213,C00112,P0049,Books,2023-06-19,4,321.9,Shipped,1287.6
O100214,C00060,P0061,Books,2023-01-09,1,321.9,Shipped,321.9
O100215,C00002,P0017,Home,2023-06-29,1,321.9,Cancelled,321.9
O100216,C00254,P0074,Clothing,2023-09-24,3,321.9,Shipped,965.6999999999999
O100217,C00140,P0057,Home,2023-05-26,4,321.9,Returned,1287.6
O100218,C00037,P0055,Clothing,2023-08-04,3,321.9,Returned,965.6999999999999
O100219,C00160,P0047,Books,2023-06-03,1,321.9,Cancelled,321.9
O100220,C00009,P0012,Books,2023-12-20,2,321.9,Shipped,643.8
O100221,C00233,P0062,Home,2023-06-09,4,321.9,Shipped,1287.6
O100222,C00099,P0080,Toys,2023-02-04,2,321.9,Cancelled,643.8
O100223,C00147,P0088,Home,2023-11-23,4,321.9,Pending,1287.6
O100224,C00208,P0083,Clothing,2023-10-26,3,321.9,Shipped,965.6999999999999
O100225,C00131,P0008,Home,2023-08-05,3,321.9,Pending,965.6999999999999
O100226,C00152,P0095,Electronics,2023-01-07,3,321.9,Shipped,965.6999999999999
O100227,C00054,P0021,Clothing,2023-04-25,3,321.9,Shipped,965.6999999999999
O100228,C00120,P0081,Clothing,2023-08-22,3,321.9,Shipped,965.6999999999999
O100229,C00161,P0087,Toys,2023-06-14,2,321.9,Shipped,643.8
O100230,C00116,P0080,Books,2023-04-28,3,321.9,Returned,965.6999999999999
O100231,C00075,P0070,Clothing,2023-08-02,1,321.9,Pending,321.9
O100232,C00113,P0072,Books,2023-04-06,1,321.9,Pending,321.9
O100233,C00104,P0025,Home,2023-08-22,2,321.9,Shipped,643.8
O100234,C00254,P0082,Electronics,2023-11-02,4,321.9,Shipped,1287.6
O100235,C00227,P0089,Toys,2023-05-13,1,321.9,Pending,321.9
O100236,C00112,P0012,Books,2023-11-10,4,321.9,Returned,1287.6
O100237,C00099,P0015,Clothing,2023-06-02,2,321.9,Cancelled,643.8
O100238,C00153,P0059,Books,2023-02-13,4,321.9,Cancelled,1287.6
O100239,C00194,P0026,Clothing,2023-01-13,4,321.9,Pending,1287.6
O100240,C00163,P0026,Books,2023-07-19,4,321.9,Shipped,1287.6
O100241,C00208,P0047,Clothing,2023-06-28,4,321.9,Shipped,1287.6
O100242,C00169,P0032,Home,2023-09-20,2,321.9,Returned,643.8
O100243,C00161,P0010,Clothing,2023-03-25,1,321.9,Cancelled,321.9
O100244,C00068,P0016,Clothing,2023-04-24,3,321.9,Returned,965.6999999999999
O100245,C00289,P0071,Electronics,2023-12-13,4,321.9,Cancelled,1287.6
O100246,C00277,P0017,Clothing,2023-10-14,1,321.9,Pending,321.9
O100247,C00135,P0023,Electronics,2023-08-05,1,321.9,Cancelled,321.9
O100248,C00195,P0026,Toys,2023-06-05,2,321.9,Returned,643.8
O100249,C00128,P0085,Electronics,2023-07-19,1,321.9,Returned,321.9
O100250,C00033,P0086,Home,2023-12-29,2,321.9,Returned,643.8
O100251,C00176,P0007,Electronics,2023-01-19,4,321.9,Pending,1287.6
O100252,C00022,P0014,Toys,2023-02-22,4,321.9,Cancelled,1287.6
O100253,C00238,P0079,Home,2023-05-01,3,321.9,Cancelled,965.6999999999999
O100254,C00158,P0007,Books,2023-09-18,3,321.9,Returned,965.6999999999999
O100255,C00038,P0009,Books,2023-09-01,3,321.9,Cancelled,965.6999999999999
O100256,C00230,P0048,Electronics,2023-06-12,1,321.9,Shipped,321.9
O100257,C00051,P0072,Electronics,2023-09-15,4,321.9,Shipped,1287.6
O100258,C00264,P0059,Toys,2023-07-15,2,321.9,Shipped,643.8
O100259,C00283,P0087,Toys,2023-05-15,3,321.9,Cancelled,965.6999999999999
O100260,C00027,P0093,Clothing,2023-05-22,2,321.9,Pending,643.8
O100261,C00226,P0082,Toys,2023-07-18,2,321.9,Pending,643.8
O100262,C00277,P0095,Clothing,2023-07-12,3,321.9,Pending,965.6999999999999
O100263,C00286,P0094,Home,2023-12-24,4,321.9,Pending,1287.6
O100264,C00097,P0039,Electronics,2023-09-03,3,321.9,Shipped,965.6999999999999
O100265,C00284,P0099,Home,2023-11-14,2,321.9,Shipped,643.8
O100266,C00147,P0018,Toys,2023-03-03,3,321.9,Returned,965.6999999999999
O100267,C00004,P0059,Home,2023-11-21,2,321.9,Cancelled,643.8
O100268,C00035,P0017,Home,2023-03-11,2,321.9,Cancelled,643.8
O100269,C00192,P0014,Home,2023-02-28,3,321.9,Pending,965.6999999999999
O100270,C00049,P0031,Toys,2023-10-13,1,321.9,Shipped,321.9
O100271,C00017,P0024,Home,2023-10-03,3,321.9,Pending,965.6999999999999
O100272,C00172,P0099,Clothing,2023-09-20,1,321.9,Returned,321.9
O100273,C00220,P0060,Toys,2023-09-14,2,321.9,Cancelled,643.8
O100274,C00158,P0045,Home,2023-08-01,2,321.9,Cancelled,643.8
O100275,C00046,P0098,Toys,2023-04-22,1,321.9,Pending,321.9
O100276,C00006,P0003,Books,2023-02-20,2,321.9,Returned,643.8
O100277,C00099,P0037,Clothing,2023-06-26,1,321.9,Cancelled,321.9
O100278,C00233,P0043,Home,2023-12-29,1,321.9,Returned,321.9
O100279,C00037,P0040,Books,2023-02-15,2,321.9,Returned,643.8
O100280,C00280,P0090,Books,2023-04-30,4,321.9,Pending,1287.6
O100281,C00181,P0055,Toys,2023-05-28,1,321.9,Shipped,321.9
O100282,C00095,P0087,Books,2023-11-16,3,321.9,Pending,965.6999999999999
O100283,C00099,P0039,Clothing,2023-11-16,3,321.9,Shipped,965.6999999999999
O100284,C00188,P0015,Clothing,2023-07-29,2,321.9,Returned,643.8
O100285,C00116,P0004,Electronics,2023-08-15,4,321.9,Shipped,1287.6
O100286,C00191,P0093,Clothing,2023-02-13,2,321.9,Returned,643.8
O100287,C00253,P0086,Books,2023-05-12,4,321.9,Cancelled,1287.6
O100288,C00161,P0025,Clothing,2023-07-13,1,321.9,Cancelled,321.9
O100289,C00256,P0013,Toys,2023-07-07,1,321.9,Cancelled,321.9
O100290,C00128,P0082,Electronics,2023-05-19,1,321.9,Pending,321.9
O100291,C00018,P0033,Books,2023-06-04,1,321.9,Pending,321.9
O100292,C00281,P0016,Electronics,2023-04-12,3,321.9,Returned,965.6999999999999
O100293,C00223,P0042,Books,2023-11-19,3,321.9,Cancelled,965.6999999999999
O100294,C00054,P0066,Toys,2023-04-27,2,321.9,Pending,643.8
O100295,C00058,P0055,Electronics,2023-11-12,4,321.9,Cancelled,1287.6
O100296,C00174,P0099,Home,2023-05-23,1,321.9,Pending,321.9
O100297,C00280,P0042,Books,2023-03-05,1,321.9,Shipped,321.9
O100298,C00114,P0034,Home,2023-02-23,4,321.9,Shipped,1287.6
O100299,C00288,P0030,Electronics,2023-12-06,4,321.9,Cancelled,1287.6
O100300,C00151,P0013,Home,2023-11-10,2,321.9,Returned,643.8
O100301,C00127,P0013,Home,2023-05-11,4,321.9,Pending,1287.6
O100302,C00155,P0018,Electronics,2023-12-14,1,321.9,Pending,321.9
O100303,C00273,P0032,Toys,2023-03-25,1,321.9,Shipped,321.9
O100304,C00104,P0096,Home,2023-01-09,1,321.9,Shipped,321.9
O100305,C00299,P0099,Home,2023-02-21,1,321.9,Returned,321.9
O100306,C00246,P0039,Toys,2023-07-13,1,321.9,Returned,321.9
O100307,C00176,P0046,Home,2023-08-01,2,321.9,Returned,643.8
O100308,C00039,P0029,Home,2023-07-12,1,321.9,Cancelled,321.9
O100309,C00170,P0062,Home,2023-12-29,2,321.9,Shipped,643.8
O100310,C00247,P0093,Clothing,2023-02-01,1,321.9,Cancelled,321.9
O100311,C00026,P0062,Toys,2023-04-03,3,321.9,Shipped,965.6999999999999
O100312,C00013,P0057,Home,2023-04-02,3,321.9,Shipped,965.6999999999999
O100313,C00036,P0016,Toys,2023-09-29,3,321.9,Pending,965.6999999999999
O100314,C00173,P0056,Books,2023-10-15,3,321.9,Shipped,965.6999999999999
O100315,C00020,P0010,Books,2023-11-07,2,321.9,Shipped,643.8
O100316,C00264,P0030,Home,2023-07-18,2,321.9,Cancelled,643.8
O100317,C00142,P0025,Toys,2023-01-05,4,321.9,Shipped,1287.6
O100318,C00143,P0084,Toys,2023-03-10,1,321.9,Cancelled,321.9
O100319,C00092,P0005,Toys,2023-03-25,3,321.9,Returned,965.6999999999999
O100320,C00288,P0065,Clothing,2023-08-27,2,321.9,Shipped,643.8
O100321,C00215,P0094,Books,2023-03-15,1,321.9,Shipped,321.9
O100322,C00051,P0049,Toys,2023-03-18,1,321.9,Cancelled,321.9
O100323,C00153,P0003,Toys,2023-09-24,2,321.9,Returned,643.8
O100324,C00186,P0045,Clothing,2023-02-21,3,321.9,Pending,965.6999999999999
O100325,C00063,P0014,Clothing,2023-05-02,4,321.9,Returned,1287.6
O100326,C00190,P0030,Toys,2023-01-18,1,321.9,Cancelled,321.9
O100327,C00125,P0068,Electronics,2023-12-18,4,321.9,Returned,1287.6
O100328,C00150,P0018,Toys,2023-10-05,3,321.9,Cancelled,965.6999999999999
O100329,C00058,P0062,Toys,2023-12-10,3,321.9,Cancelled,965.6999999999999
O100330,C00180,P0037,Clothing,2023-10-22,4,321.9,Pending,1287.6
O100331,C00170,P0025,Clothing,2023-07-21,3,321.9,Shipped,965.6999999999999
O100332,C00271,P0048,Toys,2023-03-02,1,321.9,Cancelled,321.9
O100333,C00054,P0065,Toys,2023-10-26,4,321.9,Cancelled,1287.6
O100334,C00101,P0053,Toys,2023-11-09,3,321.9,Pending,965.6999999999999
O100335,C00264,P0079,Clothing,2023-01-21,4,321.9,Cancelled,1287.6
O100336,C00053,P0073,Toys,2023-05-07,1,321.9,Shipped,321.9
O100337,C00060,P0015,Toys,2023-11-30,3,321.9,Pending,965.6999999999999
O100338,C00108,P0049,Home,2023-01-12,1,321.9,Shipped,321.9
O100339,C00005,P0088,Electronics,2023-09-08,3,321.9,Shipped,965.6999999999999
O100340,C00103,P0068,Books,2023-05-19,2,321.9,Pending,643.8
O100341,C00196,P0012,Electronics,2023-02-21,3,321.9,Cancelled,965.6999999999999
O100342,C00262,P0059,Home,2023-08-28,4,321.9,Shipped,1287.6
O100343,C00047,P0037,Books,2023-12-23,3,321.9,Shipped,965.6999999999999
O100344,C00144,P0061,Toys,2023-02-06,1,321.9,Shipped,321.9
O100345,C00269,P0043,Home,2023-02-10,1,321.9,Shipped,321.9
O100346,C00124,P0070,Toys,2023-07-12,3,321.9,Pending,965.6999999999999
O100347,C00106,P0039,Clothing,2023-08-13,4,321.9,Pending,1287.6
O100348,C00158,P0056,Home,2023-11-20,2,321.9,Returned,643.8
O100349,C00147,P0063,Clothing,2023-11-14,4,321.9,Returned,1287.6
O100350,C00145,P0046,Home,2023-10-24,2,321.9,Shipped,643.8
O100351,C00120,P0088,Home,2023-10-26,1,321.9,Cancelled,321.9
O100352,C00275,P0011,Clothing,2023-02-10,4,321.9,Shipped,1287.6
O100353,C00092,P0062,Books,2023-12-13,2,321.9,Cancelled,643.8
O100354,C00058,P0077,Electronics,2023-03-17,3,321.9,Shipped,965.6999999999999
O100355,C00229,P0098,Toys,2023-10-01,1,321.9,Returned,321.9
O100356,C00117,P0025,Home,2023-05-04,3,321.9,Returned,965.6999999999999
O100357,C00279,P0071,Toys,2023-06-20,1,321.9,Cancelled,321.9
O100358,C00127,P0052,Clothing,2023-05-10,4,321.9,Shipped,1287.6
O100359,C00129,P0004,Toys,2023-03-12,4,321.9,Cancelled,1287.6
O100360,C00058,P0059,Clothing,2023-02-11,1,321.9,Returned,321.9
O100361,C00122,P0072,Toys,2023-03-19,1,321.9,Shipped,321.9
O100362,C00001,P0020,Electronics,2023-08-03,1,321.9,Shipped,321.9
O100363,C00239,P0093,Electronics,2023-08-21,4,321.9,Cancelled,1287.6
O100364,C00290,P0063,Electronics,2023-11-06,2,321.9,Pending,643.8
O100365,C00096,P0054,Electronics,2023-02-02,3,321.9,Cancelled,965.6999999999999
O100366,C00126,P0074,Electronics,2023-08-24,3,321.9,Returned,965.6999999999999
O100367,C00118,P0098,Electronics,2023-11-22,4,321.9,Returned,1287.6
O100368,C00048,P0057,Clothing,2023-01-11,3,321.9,Returned,965.6999999999999
O100369,C00089,P0090,Home,2023-08-02,1,321.9,Returned,321.9
O100370,C00237,P0041,Toys,2023-05-02,2,321.9,Returned,643.8
O100371,C00272,P0003,Electronics,2023-11-20,3,321.9,Pending,965.6999999999999
O100372,C00189,P0006,Clothing,2023-04-15,2,321.9,Shipped,643.8
O100373,C00192,P0005,Clothing,2023-10-03,1,321.9,Cancelled,321.9
O100374,C00069,P0005,Clothing,2023-11-29,3,321.9,Cancelled,965.6999999999999
O100375,C00278,P0054,Home,2023-04-15,4,321.9,Returned,1287.6
O100376,C00247,P0047,Toys,2023-01-20,2,321.9,Cancelled,643.8
O100377,C00076,P0087,Home,2023-02-17,1,321.9,Returned,321.9
O100378,C00154,P0049,Books,2023-06-14,2,321.9,Pending,643.8
O100379,C00144,P0009,Clothing,2023-09-17,3,321.9,Pending,965.6999999999999
O100380,C00086,P0099,Books,2023-08-01,3,321.9,Shipped,965.6999999999999
O100381,C00185,P0020,Electronics,2023-12-31,4,321.9,Pending,1287.6
O100382,C00285,P0061,Electronics,2023-12-25,1,321.9,Pending,321.9
O100383,C00220,P0035,Home,2023-11-11,1,321.9,Shipped,321.9
O100384,C00069,P0050,Toys,2023-11-06,4,321.9,Cancelled,1287.6
O100385,C00047,P0082,Books,2023-04-12,4,321.9,Returned,1287.6
O100386,C00094,P0062,Toys,2023-03-02,1,321.9,Returned,321.9
O100387,C00238,P0017,Home,2023-01-27,2,321.9,Cancelled,643.8
O100388,C00204,P0088,Electronics,2023-10-30,2,321.9,Shipped,643.8
O100389,C00218,P0003,Toys,2023-03-05,4,321.9,Cancelled,1287.6
O100390,C00039,P0032,Toys,2023-01-27,2,321.9,Pending,643.8
O100391,C00100,P0099,Electronics,2023-11-05,1,321.9,Shipped,321.9
O100392,C00289,P0013,Books,2023-01-13,3,321.9,Shipped,965.6999999999999
O100393,C00254,P0089,Electronics,2023-01-26,3,321.9,Shipped,965.6999999999999
O100394,C00222,P0073,Toys,2023-09-26,2,321.9,Returned,643.8
O100395,C00023,P0068,Books,2023-11-10,4,321.9,Cancelled,1287.6
O100396,C00250,P0014,Books,2023-10-18,4,321.9,Shipped,1287.6
O100397,C00010,P0098,Electronics,2023-12-14,4,321.9,Shipped,1287.6
O100398,C00246,P0011,Toys,2023-09-23,4,321.9,Shipped,1287.6
O100399,C00100,P0056,Home,2023-12-18,4,321.9,Cancelled,1287.6
O100400,C00290,P0067,Toys,2023-05-02,2,321.9,Returned,643.8
O100401,C00180,P0092,Clothing,2023-07-11,3,321.9,Pending,965.6999999999999
O100402,C00223,P0029,Home,2023-09-28,3,321.9,Returned,965.6999999999999
O100403,C00250,P0009,Books,2023-09-02,2,321.9,Shipped,643.8
O100404,C00147,P0067,Home,2023-04-22,4,321.9,Returned,1287.6
O100405,C00096,P0025,Books,2023-09-29,2,321.9,Returned,643.8
O100406,C00257,P0098,Books,2023-07-08,3,321.9,Pending,965.6999999999999
O100407,C00004,P0076,Home,2023-06-26,1,321.9,Cancelled,321.9
O100408,C00016,P0042,Books,2023-11-29,2,321.9,Cancelled,643.8
O100409,C00280,P0009,Books,2023-07-14,4,321.9,Returned,1287.6
O100410,C00247,P0079,Clothing,2023-04-09,3,321.9,Returned,965.6999999999999
O100411,C00258,P0040,Toys,2023-10-17,3,321.9,Cancelled,965.6999999999999
O100412,C00160,P0025,Toys,2023-10-15,3,321.9,Cancelled,965.6999999999999
O100413,C00152,P0005,Clothing,2023-11-20,3,321.9,Pending,965.6999999999999
O100414,C00178,P0011,Home,2023-01-12,4,321.9,Shipped,1287.6
O100415,C00163,P0059,Electronics,2023-06-02,1,321.9,Returned,321.9
O100416,C00033,P0098,Electronics,2023-04-25,3,321.9,Cancelled,965.6999999999999
O100417,C00179,P0088,Electronics,2023-04-16,2,321.9,Returned,643.8
O100418,C00101,P0079,Clothing,2023-11-11,1,321.9,Returned,321.9
O100419,C00268,P0038,Clothing,2023-01-07,3,321.9,Cancelled,965.6999999999999
O100420,C00065,P0072,Books,2023-03-19,1,321.9,Pending,321.9
O100421,C00168,P0005,Electronics,2023-01-08,2,321.9,Returned,643.8
O100422,C00043,P0048,Home,2023-05-16,3,321.9,Pending,965.6999999999999
O100423,C00044,P0090,Home,2023-10-24,2,321.9,Cancelled,643.8
O100424,C00285,P0018,Electronics,2023-09-09,4,321.9,Shipped,1287.6
O100425,C00012,P0070,Electronics,2023-04-04,3,321.9,Shipped,965.6999999999999
O100426,C00095,P0037,Electronics,2023-11-11,3,321.9,Returned,965.6999999999999
O100427,C00253,P0060,Clothing,2023-01-19,3,321.9,Cancelled,965.6999999999999
O100428,C00242,P0048,Clothing,2023-04-16,3,321.9,Pending,965.6999999999999
O100429,C00035,P0077,Clothing,2023-08-11,4,321.9,Returned,1287.6
O100430,C00215,P0028,Toys,2023-04-20,3,321.9,Cancelled,965.6999999999999
O100431,C00090,P0069,Home,2023-01-05,1,321.9,Cancelled,321.9
O100432,C00264,P0077,Home,2023-09-03,3,321.9,Pending,965.6999999999999
O100433,C00093,P0081,Books,2023-03-31,4,321.9,Returned,1287.6
O100434,C00090,P0040,Clothing,2023-06-15,3,321.9,Cancelled,965.6999999999999
O100435,C00115,P0045,Toys,2023-01-01,1,321.9,Cancelled,321.9
O100436,C00105,P0096,Toys,2023-04-10,4,321.9,Cancelled,1287.6
O100437,C00196,P0062,Home,2023-02-11,4,321.9,Pending,1287.6
O100438,C00114,P0093,Clothing,2023-08-30,1,321.9,Returned,321.9
O100439,C00075,P0058,Books,2023-06-23,1,321.9,Returned,321.9
O100440,C00217,P0067,Clothing,2023-08-08,1,321.9,Returned,321.9
O100441,C00277,P0056,Electronics,2023-10-26,1,321.9,Returned,321.9
O100442,C00249,P0040,Clothing,2023-09-02,1,321.9,Shipped,321.9
O100443,C00164,P0098,Electronics,2023-06-15,4,321.9,Shipped,1287.6
O100444,C00192,P0040,Electronics,2023-07-14,4,321.9,Returned,1287.6
O100445,C00227,P0091,Books,2023-12-22,3,321.9,Pending,965.6999999999999
O100446,C00177,P0077,Home,2023-05-07,3,321.9,Shipped,965.6999999999999
O100447,C00099,P0033,Clothing,2023-01-27,2,321.9,Cancelled,643.8
O100448,C00036,P0006,Electronics,2023-07-30,3,321.9,Shipped,965.6999999999999
O100449,C00096,P0088,Clothing,2023-02-21,3,321.9,Cancelled,965.6999999999999
O100450,C00152,P0019,Home,2023-09-10,1,321.9,Returned,321.9
O100451,C00151,P0080,Home,2023-12-01,1,321.9,Shipped,321.9
O100452,C00190,P0040,Toys,2023-03-27,3,321.9,Pending,965.6999999999999
O100453,C00224,P0092,Home,2023-01-31,2,321.9,Shipped,643.8
O100454,C00037,P0097,Books,2023-08-24,1,321.9,Shipped,321.9
O100455,C00268,P0059,Electronics,2023-05-18,3,321.9,Shipped,965.6999999999999
O100456,C00183,P0059,Toys,2023-08-30,3,321.9,Returned,965.6999999999999
O100457,C00013,P0048,Books,2023-05-17,4,321.9,Pending,1287.6
O100458,C00279,P0041,Clothing,2023-09-22,2,321.9,Shipped,643.8
O100459,C00217,P0013,Electronics,2023-10-08,4,321.9,Pending,1287.6
O100460,C00286,P0045,Home,2023-07-20,2,321.9,Returned,643.8
O100461,C00273,P0089,Electronics,2023-04-10,1,321.9,Cancelled,321.9
O100462,C00062,P0053,Clothing,2023-12-04,2,321.9,Shipped,643.8
O100463,C00084,P0042,Toys,2023-03-15,3,321.9,Pending,965.6999999999999
O100464,C00217,P0100,Toys,2023-02-02,3,321.9,Pending,965.6999999999999
O100465,C00187,P0063,Toys,2023-01-19,2,321.9,Returned,643.8
O100466,C00019,P0027,Home,2023-07-27,2,321.9,Shipped,643.8
O100467,C00177,P0038,Books,2023-02-06,2,321.9,Cancelled,643.8
O100468,C00100,P0060,Books,2023-01-31,4,321.9,Pending,1287.6
O100469,C00233,P0007,Electronics,2023-03-06,2,321.9,Shipped,643.8
O100470,C00076,P0005,Home,2023-09-21,1,321.9,Cancelled,321.9
O100471,C00265,P0045,Toys,2023-03-24,4,321.9,Pending,1287.6
O100472,C00284,P0058,Toys,2023-07-04,4,321.9,Pending,1287.6
O100473,C00206,P0031,Clothing,2023-04-08,2,321.9,Cancelled,643.8
O100474,C00223,P0023,Clothing,2023-01-21,1,321.9,Cancelled,321.9
O100475,C00052,P0042,Toys,2023-11-13,4,321.9,Returned,1287.6
O100476,C00144,P0010,Toys,2023-09-14,3,321.9,Shipped,965.6999999999999
O100477,C00069,P0032,Home,2023-02-20,4,321.9,Shipped,1287.6
O100478,C00099,P0053,Books,2023-03-18,2,321.9,Returned,643.8
O100479,C00025,P0030,Clothing,2023-07-09,1,321.9,Pending,321.9
O100480,C00053,P0039,Books,2023-07-10,2,321.9,Cancelled,643.8
O100481,C00151,P0031,Home,2023-01-25,3,321.9,Cancelled,965.6999999999999
O100482,C00144,P0082,Toys,2023-04-07,3,321.9,Cancelled,965.6999999999999
O100483,C00057,P0100,Books,2023-10-05,3,321.9,Pending,965.6999999999999
O100484,C00039,P0002,Toys,2023-06-28,2,321.9,Cancelled,643.8
O100485,C00109,P0078,Toys,2023-03-24,4,321.9,Cancelled,1287.6
O100486,C00181,P0077,Electronics,2023-11-15,2,321.9,Returned,643.8
O100487,C00042,P0093,Books,2023-04-16,1,321.9,Pending,321.9
O100488,C00186,P0012,Books,2023-10-09,4,321.9,Shipped,1287.6
O100489,C00223,P0039,Toys,2023-07-29,3,321.9,Returned,965.6999999999999
O100490,C00122,P0066,Home,2023-12-15,2,321.9,Returned,643.8
O100491,C00133,P0096,Electronics,2023-04-18,3,321.9,Shipped,965.6999999999999
O100492,C00163,P0013,Toys,2023-11-15,3,321.9,Returned,965.6999999999999
O100493,C00215,P0046,Clothing,2023-11-10,1,321.9,Pending,321.9
O100494,C00221,P0027,Clothing,2023-04-29,4,321.9,Cancelled,1287.6
O100495,C00235,P0017,Electronics,2023-05-11,1,321.9,Pending,321.9
O100496,C00146,P0095,Home,2023-05-16,1,321.9,Shipped,321.9
O100497,C00239,P0098,Toys,2023-09-06,1,321.9,Shipped,321.9
O100498,C00076,P0060,Books,2023-11-07,3,321.9,Returned,965.6999999999999
O100499,C00009,P0064,Electronics,2023-08-11,1,321.9,Pending,321.9
O100500,C00074,P0088,Home,2023-10-06,1,321.9,Pending,321.9
O100501,C00253,P0035,Books,2023-05-08,4,321.9,Shipped,1287.6
O100502,C00230,P0070,Clothing,2023-02-13,4,321.9,Pending,1287.6
O100503,C00007,P0083,Clothing,2023-02-19,1,321.9,Shipped,321.9
O100504,C00174,P0030,Books,2023-10-03,4,321.9,Pending,1287.6
O100505,C00141,P0071,Electronics,2023-01-12,4,321.9,Pending,1287.6
O100506,C00168,P0074,Clothing,2023-07-22,1,321.9,Pending,321.9
O100507,C00170,P0096,Toys,2023-08-18,3,321.9,Shipped,965.6999999999999
O100508,C00283,P0098,Books,2023-08-01,1,321.9,Returned,321.9
O100509,C00122,P0063,Books,2023-10-27,4,321.9,Pending,1287.6
O100510,C00194,P0028,Clothing,2023-05-09,3,321.9,Shipped,965.6999999999999
O100511,C00005,P0060,Electronics,2023-10-20,2,321.9,Shipped,643.8
O100512,C00029,P0079,Toys,2023-12-23,3,321.9,Pending,965.6999999999999
O100513,C00165,P0094,Electronics,2023-07-20,4,321.9,Pending,1287.6
O100514,C00136,P0037,Home,2023-01-18,3,321.9,Returned,965.6999999999999
O100515,C00145,P0093,Home,2023-02-28,1,321.9,Shipped,321.9
O100516,C00217,P0022,Clothing,2023-06-26,2,321.9,Shipped,643.8
O100517,C00132,P0068,Clothing,2023-01-16,2,321.9,Cancelled,643.8
O100518,C00292,P0020,Clothing,2023-02-19,2,321.9,Shipped,643.8
O100519,C00070,P0096,Home,2023-04-07,4,321.9,Returned,1287.6
O100520,C00252,P0100,Electronics,2023-08-31,4,321.9,Cancelled,1287.6
O100521,C00275,P0068,Electronics,2023-08-01,2,321.9,Cancelled,643.8
O100522,C00182,P0091,Clothing,2023-12-12,3,321.9,Cancelled,965.6999999999999
O100523,C00167,P0064,Toys,2023-10-05,2,321.9,Pending,643.8
O100524,C00091,P0017,Electronics,2023-01-19,3,321.9,Pending,965.6999999999999
O100525,C00202,P0012,Home,2023-10-21,3,321.9,Shipped,965.6999999999999
O100526,C00019,P0022,Books,2023-06-29,4,321.9,Cancelled,1287.6
O100527,C00039,P0017,Books,2023-02-26,3,321.9,Returned,965.6999999999999
O100528,C00126,P0010,Books,2023-03-24,2,321.9,Pending,643.8
O100529,C00173,P0065,Toys,2023-12-18,4,321.9,Returned,1287.6
O100530,C00141,P0022,Clothing,2023-07-10,1,321.9,Returned,321.9
O100531,C00242,P0090,Home,2023-07-07,1,321.9,Pending,321.9
O100532,C00220,P0082,Toys,2023-09-01,4,321.9,Pending,1287.6
O100533,C00126,P0050,Home,2023-02-07,2,321.9,Pending,643.8
O100534,C00058,P0014,Home,2023-03-31,1,321.9,Pending,321.9
O100535,C00148,P0064,Clothing,2023-07-06,1,321.9,Cancelled,321.9
O100536,C00001,P0047,Books,2023-05-15,3,321.9,Cancelled,965.6999999999999
O100537,C00190,P0029,Clothing,2023-05-28,3,321.9,Cancelled,965.6999999999999
O100538,C00191,P0076,Toys,2023-08-31,2,321.9,Cancelled,643.8
O100539,C00117,P0036,Toys,2023-01-23,4,321.9,Shipped,1287.6
O100540,C00134,P0099,Toys,2023-10-22,2,321.9,Cancelled,643.8
O100541,C00058,P0052,Clothing,2023-09-01,4,321.9,Pending,1287.6
O100542,C00044,P0076,Home,2023-02-02,1,321.9,Returned,321.9
O100543,C00173,P0007,Home,2023-10-27,3,321.9,Cancelled,965.6999999999999
O100544,C00160,P0029,Electronics,2023-01-09,2,321.9,Shipped,643.8
O100545,C00173,P0011,Toys,2023-09-02,2,321.9,Pending,643.8
O100546,C00149,P0033,Home,2023-09-13,4,321.9,Returned,1287.6
O100547,C00080,P0006,Electronics,2023-09-24,4,321.9,Returned,1287.6
O100548,C00213,P0079,Home,2023-09-14,2,321.9,Cancelled,643.8
O100549,C00203,P0032,Toys,2023-01-01,4,321.9,Returned,1287.6
O100550,C00252,P0051,Books,2023-04-02,2,321.9,Cancelled,643.8
O100551,C00229,P0075,Toys,2023-11-19,2,321.9,Cancelled,643.8
O100552,C00164,P0058,Clothing,2023-08-28,2,321.9,Pending,643.8
O100553,C00227,P0087,Home,2023-06-01,1,321.9,Pending,321.9
O100554,C00147,P0026,Home,2023-04-23,4,321.9,Shipped,1287.6
O100555,C00020,P0098,Clothing,2023-12-13,3,321.9,Pending,965.6999999999999
O100556,C00047,P0046,Clothing,2023-01-20,3,321.9,Pending,965.6999999999999
O100557,C00233,P0098,Books,2023-11-06,4,321.9,Cancelled,1287.6
O100558,C00014,P0029,Home,2023-01-10,2,321.9,Pending,643.8
O100559,C00143,P0004,Home,2023-11-16,3,321.9,Cancelled,965.6999999999999
O100560,C00001,P0081,Books,2023-10-31,3,321.9,Cancelled,965.6999999999999
O100561,C00054,P0099,Electronics,2023-01-12,4,321.9,Pending,1287.6
O100562,C00259,P0013,Books,2023-11-12,3,321.9,Shipped,965.6999999999999
O100563,C00144,P0039,Toys,2023-03-23,2,321.9,Shipped,643.8
O100564,C00012,P0015,Home,2023-07-13,4,321.9,Returned,1287.6
O100565,C00224,P0029,Clothing,2023-12-08,2,321.9,Returned,643.8
O100566,C00272,P0029,Toys,2023-06-13,3,321.9,Pending,965.6999999999999
O100567,C00156,P0075,Home,2023-01-13,3,321.9,Shipped,965.6999999999999
O100568,C00008,P0032,Books,2023-05-06,2,321.9,Cancelled,643.8
O100569,C00122,P0002,Toys,2023-12-11,1,321.9,Returned,321.9
O100570,C00164,P0047,Home,2023-07-15,3,321.9,Cancelled,965.6999999999999
O100571,C00090,P0078,Electronics,2023-02-12,1,321.9,Returned,321.9
O100572,C00136,P0084,Electronics,2023-03-29,3,321.9,Pending,965.6999999999999
O100573,C00186,P0022,Clothing,2023-02-23,1,321.9,Shipped,321.9
O100574,C00178,P0075,Home,2023-11-30,1,321.9,Returned,321.9
O100575,C00028,P0027,Electronics,2023-02-01,1,321.9,Shipped,321.9
O100576,C00220,P0067,Books,2023-02-24,2,321.9,Cancelled,643.8
O100577,C00041,P0081,Home,2023-02-23,1,321.9,Pending,321.9
O100578,C00228,P0056,Books,2023-12-16,1,321.9,Shipped,321.9
O100579,C00192,P0092,Books,2023-12-30,1,321.9,Pending,321.9
O100580,C00145,P0093,Electronics,2023-11-08,3,321.9,Shipped,965.6999999999999
O100581,C00201,P0021,Home,2023-07-03,1,321.9,Cancelled,321.9
O100582,C00212,P0047,Toys,2023-01-23,3,321.9,Cancelled,965.6999999999999
O100583,C00220,P0080,Electronics,2023-03-01,1,321.9,Pending,321.9
O100584,C00240,P0059,Electronics,2023-03-30,1,321.9,Cancelled,321.9
O100585,C00046,P0084,Home,2023-06-01,2,321.9,Returned,643.8
O100586,C00035,P0006,Home,2023-03-19,3,321.9,Shipped,965.6999999999999
O100587,C00253,P0019,Books,2023-02-08,1,321.9,Cancelled,321.9
O100588,C00082,P0057,Home,2023-09-23,3,321.9,Returned,965.6999999999999
O100589,C00256,P0069,Books,2023-10-01,3,321.9,Pending,965.6999999999999
O100590,C00197,P0003,Electronics,2023-01-23,4,321.9,Returned,1287.6
O100591,C00010,P0001,Clothing,2023-11-16,2,321.9,Pending,643.8
O100592,C00286,P0058,Toys,2023-07-16,2,321.9,Pending,643.8
O100593,C00242,P0038,Electronics,2023-03-31,2,321.9,Shipped,643.8
O100594,C00251,P0015,Home,2023-12-18,4,321.9,Shipped,1287.6
O100595,C00005,P0034,Toys,2023-03-19,4,321.9,Returned,1287.6
O100596,C00119,P0061,Clothing,2023-07-05,2,321.9,Shipped,643.8
O100597,C00289,P0035,Clothing,2023-07-27,4,321.9,Shipped,1287.6
O100598,C00065,P0064,Books,2023-09-21,4,321.9,Shipped,1287.6
O100599,C00146,P0025,Toys,2023-05-27,4,321.9,Returned,1287.6
O100600,C00224,P0024,Books,2023-04-24,2,321.9,Cancelled,643.8
O100601,C00239,P0012,Electronics,2023-01-08,2,321.9,Shipped,643.8
O100602,C00177,P0018,Toys,2023-05-15,2,321.9,Shipped,643.8
O100603,C00267,P0015,Electronics,2023-07-29,4,321.9,Returned,1287.6
O100604,C00282,P0080,Books,2023-01-01,2,321.9,Cancelled,643.8
O100605,C00063,P0027,Toys,2023-12-18,4,321.9,Shipped,1287.6
O100606,C00217,P0072,Books,2023-11-14,1,321.9,Pending,321.9
O100607,C00283,P0060,Toys,2023-12-23,4,321.9,Returned,1287.6
O100608,C00177,P0046,Books,2023-08-07,3,321.9,Shipped,965.6999999999999
O100609,C00098,P0089,Clothing,2023-06-25,2,321.9,Shipped,643.8
O100610,C00105,P0017,Books,2023-01-07,2,321.9,Pending,643.8
O100611,C00099,P0093,Clothing,2023-04-29,3,321.9,Pending,965.6999999999999
O100612,C00006,P0053,Books,2023-12-31,4,321.9,Returned,1287.6
O100613,C00197,P0008,Toys,2023-10-25,1,321.9,Returned,321.9
O100614,C00133,P0079,Toys,2023-07-10,3,321.9,Pending,965.6999999999999
O100615,C00259,P0027,Toys,2023-07-04,3,321.9,Returned,965.6999999999999
O100616,C00023,P0046,Home,2023-12-19,4,321.9,Pending,1287.6
O100617,C00053,P0050,Electronics,2023-01-03,2,321.9,Shipped,643.8
O100618,C00165,P0071,Toys,2023-06-29,4,321.9,Pending,1287.6
O100619,C00202,P0003,Clothing,2023-03-26,3,321.9,Pending,965.6999999999999
O100620,C00083,P0093,Toys,2023-05-22,3,321.9,Cancelled,965.6999999999999
O100621,C00145,P0064,Home,2023-02-21,2,321.9,Pending,643.8
O100622,C00085,P0044,Clothing,2023-09-28,2,321.9,Pending,643.8
O100623,C00078,P0053,Home,2023-02-27,2,321.9,Cancelled,643.8
O100624,C00001,P0024,Clothing,2023-11-30,4,321.9,Returned,1287.6
O100625,C00051,P0060,Books,2023-05-16,2,321.9,Cancelled,643.8
O100626,C00173,P0003,Electronics,2023-03-26,3,321.9,Shipped,965.6999999999999
O100627,C00205,P0020,Electronics,2023-06-19,3,321.9,Cancelled,965.6999999999999
O100628,C00260,P0046,Home,2023-05-27,1,321.9,Shipped,321.9
O100629,C00288,P0015,Electronics,2023-04-16,4,321.9,Returned,1287.6
O100630,C00034,P0025,Home,2023-11-13,1,321.9,Cancelled,321.9
O100631,C00095,P0094,Home,2023-09-12,3,321.9,Cancelled,965.6999999999999
O100632,C00072,P0078,Home,2023-03-01,1,321.9,Returned,321.9
O100633,C00039,P0071,Electronics,2023-10-29,3,321.9,Shipped,965.6999999999999
O100634,C00154,P0017,Home,2023-07-18,1,321.9,Cancelled,321.9
O100635,C00250,P0084,Electronics,2023-08-24,2,321.9,Shipped,643.8
O100636,C00162,P0100,Home,2023-08-17,1,321.9,Cancelled,321.9
O100637,C00118,P0009,Toys,2023-08-13,2,321.9,Pending,643.8
O100638,C00259,P0038,Home,2023-01-06,2,321.9,Cancelled,643.8
O100639,C00268,P0048,Clothing,2023-03-22,4,321.9,Returned,1287.6
O100640,C00054,P0060,Home,2023-09-21,2,321.9,Returned,643.8
O100641,C00236,P0063,Books,2023-02-22,2,321.9,Shipped,643.8
O100642,C00222,P0086,Home,2023-09-22,1,321.9,Cancelled,321.9
O100643,C00251,P0002,Clothing,2023-12-05,3,321.9,Shipped,965.6999999999999
O100644,C00112,P0088,Clothing,2023-03-26,4,321.9,Shipped,1287.6
O100645,C00255,P0072,Electronics,2023-05-22,2,321.9,Pending,643.8
O100646,C00207,P0011,Toys,2023-06-22,4,321.9,Pending,1287.6
O100647,C00229,P0064,Home,2023-10-14,1,321.9,Returned,321.9
O100648,C00066,P0077,Electronics,2023-01-17,2,321.9,Shipped,643.8
O100649,C00075,P0081,Toys,2023-01-24,1,321.9,Returned,321.9
O100650,C00103,P0072,Home,2023-01-19,4,321.9,Cancelled,1287.6
O100651,C00192,P0021,Books,2023-02-03,1,321.9,Shipped,321.9
O100652,C00252,P0018,Home,2023-02-27,4,321.9,Shipped,1287.6
O100653,C00226,P0094,Clothing,2023-07-12,1,321.9,Cancelled,321.9
O100654,C00294,P0064,Clothing,2023-10-31,4,321.9,Cancelled,1287.6
O100655,C00098,P0082,Books,2023-10-08,3,321.9,Returned,965.6999999999999
O100656,C00286,P0095,Electronics,2023-09-15,1,321.9,Returned,321.9
O100657,C00249,P0038,Toys,2023-01-27,1,321.9,Cancelled,321.9
O100658,C00166,P0032,Home,2023-12-19,3,321.9,Returned,965.6999999999999
O100659,C00030,P0011,Clothing,2023-03-20,3,321.9,Cancelled,965.6999999999999
O100660,C00247,P0045,Electronics,2023-12-02,1,321.9,Shipped,321.9
O100661,C00106,P0089,Books,2023-06-13,3,321.9,Shipped,965.6999999999999
O100662,C00051,P0033,Clothing,2023-03-31,2,321.9,Pending,643.8
O100663,C00081,P0041,Books,2023-06-13,4,321.9,Shipped,1287.6
O100664,C00133,P0008,Home,2023-08-22,4,321.9,Cancelled,1287.6
O100665,C00285,P0011,Toys,2023-10-20,4,321.9,Returned,1287.6
O100666,C00138,P0086,Clothing,2023-06-12,2,321.9,Pending,643.8
O100667,C00184,P0051,Clothing,2023-05-06,3,321.9,Returned,965.6999999999999
O100668,C00273,P0088,Home,2023-08-08,3,321.9,Cancelled,965.6999999999999
O100669,C00069,P0041,Electronics,2023-08-17,1,321.9,Shipped,321.9
O100670,C00034,P0017,Toys,2023-12-10,3,321.9,Pending,965.6999999999999
O100671,C00262,P0076,Clothing,2023-12-09,1,321.9,Cancelled,321.9
O100672,C00053,P0046,Toys,2023-06-10,2,321.9,Pending,643.8
O100673,C00205,P0032,Clothing,2023-05-22,4,321.9,Pending,1287.6
O100674,C00126,P0079,Toys,2023-08-07,4,321.9,Shipped,1287.6
O100675,C00235,P0080,Books,2023-04-23,4,321.9,Cancelled,1287.6
O100676,C00043,P0054,Clothing,2023-02-04,3,321.9,Returned,965.6999999999999
O100677,C00240,P0086,Toys,2023-02-19,1,321.9,Pending,321.9
O100678,C00111,P0092,Electronics,2023-06-19,1,321.9,Pending,321.9
O100679,C00249,P0020,Books,2023-04-03,2,321.9,Returned,643.8
O100680,C00151,P0033,Books,2023-08-17,3,321.9,Cancelled,965.6999999999999
O100681,C00183,P0074,Electronics,2023-08-27,2,321.9,Pending,643.8
O100682,C00095,P0040,Toys,2023-10-05,1,321.9,Pending,321.9
O100683,C00008,P0032,Home,2023-01-19,1,321.9,Pending,321.9
O100684,C00184,P0097,Electronics,2023-09-20,4,321.9,Cancelled,1287.6
O100685,C00281,P0002,Toys,2023-05-05,3,321.9,Cancelled,965.6999999999999
O100686,C00195,P0097,Electronics,2023-01-25,1,321.9,Returned,321.9
O100687,C00195,P0033,Electronics,2023-06-09,4,321.9,Cancelled,1287.6
O100688,C00155,P0077,Clothing,2023-07-11,3,321.9,Cancelled,965.6999999999999
O100689,C00093,P0030,Toys,2023-09-18,2,321.9,Shipped,643.8
O100690,C00160,P0033,Home,2023-06-26,3,321.9,Returned,965.6999999999999
O100691,C00061,P0077,Clothing,2023-05-04,3,321.9,Pending,965.6999999999999
O100692,C00122,P0026,Electronics,2023-11-02,1,321.9,Cancelled,321.9
O100693,C00051,P0022,Electronics,2023-07-26,1,321.9,Pending,321.9
O100694,C00277,P0066,Electronics,2023-05-21,3,321.9,Pending,965.6999999999999
O100695,C00005,P0038,Toys,2023-10-11,1,321.9,Shipped,321.9
O100696,C00092,P0090,Toys,2023-05-23,1,321.9,Cancelled,321.9
O100697,C00170,P0046,Clothing,2023-03-16,1,321.9,Returned,321.9
O100698,C00022,P0015,Home,2023-06-03,4,321.9,Cancelled,1287.6
O100699,C00001,P0098,Clothing,2023-11-29,4,321.9,Pending,1287.6
O100700,C00133,P0044,Books,2023-06-01,3,321.9,Returned,965.6999999999999
O100701,C00233,P0049,Electronics,2023-05-11,1,321.9,Cancelled,321.9
O100702,C00012,P0075,Electronics,2023-10-31,4,321.9,Pending,1287.6
O100703,C00046,P0061,Electronics,2023-09-11,3,321.9,Pending,965.6999999999999
O100704,C00034,P0067,Clothing,2023-05-07,1,321.9,Shipped,321.9
O100705,C00078,P0006,Clothing,2023-03-02,2,321.9,Shipped,643.8
O100706,C00218,P0009,Electronics,2023-12-20,1,321.9,Shipped,321.9
O100707,C00073,P0006,Clothing,2023-09-18,1,321.9,Pending,321.9
O100708,C00282,P0073,Toys,2023-07-01,4,321.9,Cancelled,1287.6
O100709,C00249,P0095,Toys,2023-03-11,3,321.9,Shipped,965.6999999999999
O100710,C00047,P0032,Clothing,2023-05-28,3,321.9,Cancelled,965.6999999999999
O100711,C00121,P0041,Electronics,2023-09-27,4,321.9,Shipped,1287.6
O100712,C00214,P0076,Clothing,2023-02-06,1,321.9,Returned,321.9
O100713,C00239,P0008,Clothing,2023-02-28,2,321.9,Returned,643.8
O100714,C00056,P0072,Clothing,2023-07-24,1,321.9,Shipped,321.9
O100715,C00107,P0050,Books,2023-06-11,1,321.9,Pending,321.9
O100716,C00048,P0092,Toys,2023-01-23,2,321.9,Shipped,643.8
O100717,C00061,P0062,Home,2023-11-03,4,321.9,Shipped,1287.6
O100718,C00026,P0084,Home,2023-12-11,3,321.9,Pending,965.6999999999999
O100719,C00292,P0062,Books,2023-01-24,4,321.9,Returned,1287.6
O100720,C00257,P0007,Clothing,2023-05-05,4,321.9,Cancelled,1287.6
O100721,C00008,P0075,Books,2023-11-29,1,321.9,Shipped,321.9
O100722,C00113,P0084,Books,2023-03-19,3,321.9,Pending,965.6999999999999
O100723,C00253,P0080,Electronics,2023-03-15,3,321.9,Shipped,965.6999999999999
O100724,C00180,P0004,Toys,2023-05-25,4,321.9,Pending,1287.6
O100725,C00207,P0006,Home,2023-07-04,2,321.9,Cancelled,643.8
O100726,C00127,P0058,Clothing,2023-12-16,4,321.9,Cancelled,1287.6
O100727,C00056,P0022,Home,2023-03-07,2,321.9,Returned,643.8
O100728,C00214,P0026,Home,2023-01-19,3,321.9,Pending,965.6999999999999
O100729,C00014,P0003,Toys,2023-03-31,4,321.9,Pending,1287.6
O100730,C00028,P0041,Home,2023-05-18,1,321.9,Returned,321.9
O100731,C00078,P0060,Home,2023-11-04,4,321.9,Returned,1287.6
O100732,C00216,P0014,Books,2023-07-22,3,321.9,Pending,965.6999999999999
O100733,C00154,P0075,Toys,2023-02-13,1,321.9,Returned,321.9
O100734,C00014,P0082,Electronics,2023-04-02,1,321.9,Cancelled,321.9
O100735,C00187,P0012,Clothing,2023-03-29,2,321.9,Shipped,643.8
O100736,C00007,P0087,Home,2023-04-04,1,321.9,Cancelled,321.9
O100737,C00003,P0012,Clothing,2023-01-16,1,321.9,Returned,321.9
O100738,C00111,P0013,Electronics,2023-09-30,4,321.9,Pending,1287.6
O100739,C00238,P0025,Clothing,2023-04-20,3,321.9,Pending,965.6999999999999
O100740,C00239,P0045,Electronics,2023-09-15,2,321.9,Cancelled,643.8
O100741,C00274,P0019,Books,2023-11-26,4,321.9,Pending,1287.6
O100742,C00294,P0055,Home,2023-11-03,1,321.9,Returned,321.9
O100743,C00227,P0100,Electronics,2023-02-10,1,321.9,Cancelled,321.9
O100744,C00015,P0045,Clothing,2023-03-14,2,321.9,Pending,643.8
O100745,C00192,P0008,Home,2023-07-27,3,321.9,Shipped,965.6999999999999
O100746,C00119,P0093,Books,2023-05-17,2,321.9,Shipped,643.8
O100747,C00028,P0053,Home,2023-01-01,4,321.9,Returned,1287.6
O100748,C00202,P0055,Electronics,2023-12-17,2,321.9,Pending,643.8
O100749,C00039,P0032,Books,2023-10-26,1,321.9,Returned,321.9
O100750,C00273,P0051,Clothing,2023-03-06,4,321.9,Cancelled,1287.6
O100751,C00231,P0044,Books,2023-04-03,1,321.9,Shipped,321.9
O100752,C00086,P0082,Books,2023-05-30,3,321.9,Cancelled,965.6999999999999
O100753,C00126,P0070,Toys,2023-10-19,1,321.9,Pending,321.9
O100754,C00300,P0018,Books,2023-06-07,1,321.9,Returned,321.9
O100755,C00025,P0083,Books,2023-01-13,2,321.9,Returned,643.8
O100756,C00145,P0022,Home,2023-02-13,1,321.9,Returned,321.9
O100757,C00013,P0037,Clothing,2023-03-02,4,321.9,Cancelled,1287.6
O100758,C00212,P0096,Home,2023-03-27,4,321.9,Shipped,1287.6
O100759,C00025,P0056,Home,2023-05-31,3,321.9,Cancelled,965.6999999999999
O100760,C00068,P0059,Electronics,2023-08-14,4,321.9,Cancelled,1287.6
O100761,C00067,P0003,Home,2023-05-17,2,321.9,Pending,643.8
O100762,C00233,P0028,Toys,2023-10-05,3,321.9,Pending,965.6999999999999
O100763,C00109,P0074,Toys,2023-03-06,4,321.9,Pending,1287.6
O100764,C00146,P0035,Electronics,2023-10-05,2,321.9,Shipped,643.8
O100765,C00111,P0061,Clothing,2023-02-27,4,321.9,Shipped,1287.6
O100766,C00228,P0093,Clothing,2023-11-15,4,321.9,Pending,1287.6
O100767,C00111,P0054,Home,2023-10-01,1,321.9,Pending,321.9
O100768,C00034,P0063,Home,2023-06-04,4,321.9,Shipped,1287.6
O100769,C00111,P0079,Home,2023-12-20,4,321.9,Returned,1287.6
O100770,C00264,P0097,Clothing,2023-06-15,2,321.9,Shipped,643.8
O100771,C00236,P0007,Books,2023-03-18,2,321.9,Shipped,643.8
O100772,C00083,P0076,Toys,2023-05-30,1,321.9,Shipped,321.9
O100773,C00042,P0049,Books,2023-01-14,4,321.9,Pending,1287.6
O100774,C00101,P0094,Books,2023-11-28,1,321.9,Returned,321.9
O100775,C00006,P0085,Clothing,2023-01-26,4,321.9,Shipped,1287.6
O100776,C00180,P0031,Books,2023-05-01,3,321.9,Pending,965.6999999999999
O100777,C00282,P0058,Electronics,2023-10-02,3,321.9,Cancelled,965.6999999999999
O100778,C00226,P0061,Home,2023-01-16,1,321.9,Cancelled,321.9
O100779,C00229,P0024,Electronics,2023-06-28,1,321.9,Shipped,321.9
O100780,C00289,P0020,Toys,2023-11-02,1,321.9,Cancelled,321.9
O100781,C00150,P0037,Home,2023-12-17,2,321.9,Returned,643.8
O100782,C00277,P0004,Books,2023-01-11,2,321.9,Cancelled,643.8
O100783,C00198,P0092,Toys,2023-12-23,2,321.9,Cancelled,643.8
O100784,C00070,P0020,Home,2023-03-22,1,321.9,Returned,321.9
O100785,C00112,P0060,Books,2023-01-29,4,321.9,Shipped,1287.6
O100786,C00004,P0024,Electronics,2023-08-28,3,321.9,Shipped,965.6999999999999
O100787,C00095,P0050,Home,2023-02-26,1,321.9,Returned,321.9
O100788,C00152,P0049,Books,2023-05-15,2,321.9,Returned,643.8
O100789,C00137,P0051,Electronics,2023-07-18,2,321.9,Returned,643.8
O100790,C00247,P0096,Toys,2023-04-03,1,321.9,Cancelled,321.9
O100791,C00243,P0036,Toys,2023-08-13,1,321.9,Returned,321.9
O100792,C00031,P0098,Toys,2023-03-20,2,321.9,Pending,643.8
O100793,C00040,P0100,Toys,2023-05-25,4,321.9,Cancelled,1287.6
O100794,C00229,P0066,Clothing,2023-08-04,2,321.9,Shipped,643.8
O100795,C00036,P0079,Home,2023-01-20,2,321.9,Shipped,643.8
O100796,C00223,P0034,Home,2023-03-29,1,321.9,Shipped,321.9
O100797,C00006,P0036,Clothing,2023-11-03,4,321.9,Cancelled,1287.6
O100798,C00220,P0006,Books,2023-07-06,2,321.9,Pending,643.8
O100799,C00075,P0039,Books,2023-08-20,2,321.9,Returned,643.8
O100800,C00004,P0042,Toys,2023-09-27,3,321.9,Returned,965.6999999999999
O100801,C00134,P0058,Electronics,2023-07-16,1,321.9,Shipped,321.9
O100802,C00118,P0012,Books,2023-10-29,3,321.9,Shipped,965.6999999999999
O100803,C00094,P0003,Electronics,2023-09-17,3,321.9,Cancelled,965.6999999999999
O100804,C00062,P0018,Home,2023-12-16,2,321.9,Pending,643.8
O100805,C00194,P0040,Electronics,2023-05-15,1,321.9,Returned,321.9
O100806,C00203,P0021,Home,2023-05-23,4,321.9,Cancelled,1287.6
O100807,C00026,P0015,Clothing,2023-03-08,2,321.9,Returned,643.8
O100808,C00173,P0097,Clothing,2023-08-16,4,321.9,Shipped,1287.6
O100809,C00300,P0099,Toys,2023-02-01,4,321.9,Returned,1287.6
O100810,C00133,P0026,Books,2023-10-15,1,321.9,Pending,321.9
O100811,C00118,P0008,Toys,2023-11-08,3,321.9,Pending,965.6999999999999
O100812,C00275,P0100,Home,2023-12-31,1,321.9,Shipped,321.9
O100813,C00212,P0094,Toys,2023-06-03,4,321.9,Pending,1287.6
O100814,C00225,P0087,Electronics,2023-06-20,2,321.9,Pending,643.8
O100815,C00020,P0042,Home,2023-07-26,4,321.9,Cancelled,1287.6
O100816,C00113,P0044,Clothing,2023-03-01,2,321.9,Returned,643.8
O100817,C00140,P0014,Books,2023-02-22,2,321.9,Shipped,643.8
O100818,C00047,P0078,Home,2023-10-20,1,321.9,Shipped,321.9
O100819,C00001,P0002,Home,2023-10-21,4,321.9,Shipped,1287.6
O100820,C00090,P0037,Electronics,2023-07-28,3,321.9,Shipped,965.6999999999999
O100821,C00142,P0069,Books,2023-02-11,4,321.9,Shipped,1287.6
O100822,C00038,P0038,Clothing,2023-02-05,4,321.9,Pending,1287.6
O100823,C00293,P0041,Home,2023-01-12,3,321.9,Cancelled,965.6999999999999
O100824,C00139,P0062,Home,2023-09-11,1,321.9,Shipped,321.9
O100825,C00259,P0060,Electronics,2023-04-26,4,321.9,Cancelled,1287.6
O100826,C00161,P0014,Toys,2023-02-05,4,321.9,Cancelled,1287.6
O100827,C00178,P0089,Clothing,2023-08-07,2,321.9,Pending,643.8
O100828,C00010,P0084,Books,2023-04-23,4,321.9,Shipped,1287.6
O100829,C00261,P0002,Home,2023-04-06,3,321.9,Pending,965.6999999999999
O100830,C00138,P0070,Home,2023-11-29,2,321.9,Shipped,643.8
O100831,C00172,P0017,Clothing,2023-12-04,1,321.9,Pending,321.9
O100832,C00013,P0089,Toys,2023-02-06,2,321.9,Cancelled,643.8
O100833,C00168,P0028,Home,2023-03-25,3,321.9,Shipped,965.6999999999999
O100834,C00130,P0066,Clothing,2023-06-06,3,321.9,Returned,965.6999999999999
O100835,C00084,P0035,Electronics,2023-11-01,2,321.9,Cancelled,643.8
O100836,C00101,P0005,Toys,2023-01-02,1,321.9,Returned,321.9
O100837,C00273,P0065,Books,2023-05-28,2,321.9,Cancelled,643.8
O100838,C00265,P0040,Home,2023-10-10,1,321.9,Pending,321.9
O100839,C00038,P0076,Clothing,2023-04-11,2,321.9,Shipped,643.8
O100840,C00094,P0056,Electronics,2023-07-09,3,321.9,Cancelled,965.6999999999999
O100841,C00095,P0036,Books,2023-05-10,4,321.9,Pending,1287.6
O100842,C00069,P0045,Clothing,2023-06-01,4,321.9,Shipped,1287.6
O100843,C00236,P0023,Clothing,2023-06-24,1,321.9,Shipped,321.9
O100844,C00137,P0047,Books,2023-04-29,1,321.9,Cancelled,321.9
O100845,C00076,P0031,Electronics,2023-11-13,1,321.9,Shipped,321.9
O100846,C00035,P0011,Electronics,2023-07-18,3,321.9,Cancelled,965.6999999999999
O100847,C00001,P0010,Toys,2023-09-14,2,321.9,Shipped,643.8
O100848,C00296,P0067,Home,2023-08-14,3,321.9,Returned,965.6999999999999
O100849,C00060,P0014,Books,2023-02-06,4,321.9,Pending,1287.6
O100850,C00267,P0080,Books,2023-09-04,1,321.9,Returned,321.9
O100851,C00229,P0074,Books,2023-03-16,2,321.9,Cancelled,643.8
O100852,C00270,P0093,Electronics,2023-07-08,4,321.9,Returned,1287.6
O100853,C00286,P0010,Home,2023-03-09,4,321.9,Cancelled,1287.6
O100854,C00291,P0076,Toys,2023-05-03,4,321.9,Shipped,1287.6
O100855,C00213,P0094,Clothing,2023-05-27,3,321.9,Shipped,965.6999999999999
O100856,C00165,P0001,Clothing,2023-05-19,1,321.9,Cancelled,321.9
O100857,C00005,P0005,Books,2023-02-07,4,321.9,Returned,1287.6
O100858,C00078,P0020,Home,2023-12-17,1,321.9,Shipped,321.9
O100859,C00062,P0008,Electronics,2023-01-06,3,321.9,Pending,965.6999999999999
O100860,C00132,P0043,Home,2023-05-31,4,321.9,Shipped,1287.6
O100861,C00089,P0076,Home,2023-08-19,3,321.9,Pending,965.6999999999999
O100862,C00237,P0001,Electronics,2023-01-30,3,321.9,Returned,965.6999999999999
O100863,C00042,P0057,Books,2023-03-27,1,321.9,Pending,321.9
O100864,C00089,P0064,Home,2023-09-26,4,321.9,Pending,1287.6
O100865,C00296,P0084,Clothing,2023-12-24,3,321.9,Pending,965.6999999999999
O100866,C00295,P0028,Electronics,2023-12-21,4,321.9,Pending,1287.6
O100867,C00104,P0037,Toys,2023-05-07,1,321.9,Shipped,321.9
O100868,C00014,P0047,Books,2023-11-27,3,321.9,Pending,965.6999999999999
O100869,C00288,P0076,Electronics,2023-08-13,1,321.9,Shipped,321.9
O100870,C00179,P0037,Toys,2023-06-21,4,321.9,Pending,1287.6
O100871,C00125,P0049,Toys,2023-02-12,4,321.9,Cancelled,1287.6
O100872,C00023,P0044,Home,2023-03-31,1,321.9,Returned,321.9
O100873,C00063,P0056,Home,2023-05-05,2,321.9,Pending,643.8
O100874,C00143,P0028,Home,2023-08-29,3,321.9,Cancelled,965.6999999999999
O100875,C00153,P0079,Electronics,2023-12-22,4,321.9,Pending,1287.6
O100876,C00145,P0006,Electronics,2023-09-24,4,321.9,Pending,1287.6
O100877,C00225,P0061,Books,2023-05-13,3,321.9,Pending,965.6999999999999
O100878,C00104,P0020,Home,2023-08-17,1,321.9,Cancelled,321.9
O100879,C00104,P0078,Toys,2023-11-10,1,321.9,Returned,321.9
O100880,C00039,P0002,Clothing,2023-08-18,1,321.9,Cancelled,321.9
O100881,C00198,P0073,Books,2023-10-17,2,321.9,Returned,643.8
O100882,C00134,P0037,Electronics,2023-04-02,2,321.9,Pending,643.8
O100883,C00067,P0020,Books,2023-07-29,4,321.9,Shipped,1287.6
O100884,C00179,P0026,Books,2023-10-22,1,321.9,Pending,321.9
O100885,C00042,P0029,Books,2023-07-23,3,321.9,Returned,965.6999999999999
O100886,C00015,P0001,Books,2023-08-25,4,321.9,Cancelled,1287.6
O100887,C00111,P0035,Clothing,2023-07-13,3,321.9,Pending,965.6999999999999
O100888,C00157,P0070,Home,2023-11-24,4,321.9,Cancelled,1287.6
O100889,C00289,P0059,Toys,2023-10-30,2,321.9,Cancelled,643.8
O100890,C00231,P0069,Books,2023-09-26,4,321.9,Cancelled,1287.6
O100891,C00157,P0033,Books,2023-03-23,2,321.9,Pending,643.8
O100892,C00038,P0051,Books,2023-08-31,4,321.9,Cancelled,1287.6
O100893,C00097,P0078,Home,2023-08-07,1,321.9,Cancelled,321.9
O100894,C00289,P0012,Electronics,2023-03-12,3,321.9,Pending,965.6999999999999
O100895,C00254,P0020,Electronics,2023-11-02,1,321.9,Cancelled,321.9
O100896,C00196,P0053,Clothing,2023-04-07,4,321.9,Pending,1287.6
O100897,C00086,P0088,Electronics,2023-01-30,4,321.9,Returned,1287.6
O100898,C00010,P0043,Books,2023-10-26,4,321.9,Returned,1287.6
O100899,C00005,P0098,Books,2023-03-14,2,321.9,Returned,643.8
O100900,C00123,P0089,Books,2023-04-20,3,321.9,Cancelled,965.6999999999999
O100901,C00118,P0050,Clothing,2023-06-22,3,321.9,Shipped,965.6999999999999
O100902,C00294,P0029,Books,2023-10-04,4,321.9,Shipped,1287.6
O100903,C00159,P0057,Electronics,2023-04-17,4,321.9,Cancelled,1287.6
O100904,C00228,P0039,Home,2023-04-07,2,321.9,Shipped,643.8
O100905,C00216,P0095,Home,2023-01-05,1,321.9,Pending,321.9
O100906,C00184,P0056,Toys,2023-01-21,1,321.9,Shipped,321.9
O100907,C00015,P0043,Electronics,2023-03-24,3,321.9,Cancelled,965.6999999999999
O100908,C00157,P0050,Books,2023-01-20,2,321.9,Cancelled,643.8
O100909,C00136,P0023,Home,2023-05-02,4,321.9,Pending,1287.6
O100910,C00261,P0044,Electronics,2023-12-28,3,321.9,Returned,965.6999999999999
O100911,C00157,P0038,Home,2023-03-20,2,321.9,Cancelled,643.8
O100912,C00047,P0084,Books,2023-09-30,1,321.9,Pending,321.9
O100913,C00173,P0023,Home,2023-06-30,2,321.9,Shipped,643.8
O100914,C00130,P0045,Toys,2023-08-08,1,321.9,Shipped,321.9
O100915,C00095,P0052,Toys,2023-03-28,2,321.9,Pending,643.8
O100916,C00115,P0080,Home,2023-11-07,3,321.9,Pending,965.6999999999999
O100917,C00243,P0050,Electronics,2023-04-23,1,321.9,Cancelled,321.9
O100918,C00292,P0008,Electronics,2023-06-22,3,321.9,Shipped,965.6999999999999
O100919,C00282,P0085,Electronics,2023-08-06,3,321.9,Pending,965.6999999999999
O100920,C00299,P0001,Home,2023-10-07,1,321.9,Shipped,321.9
O100921,C00283,P0008,Electronics,2023-09-21,1,321.9,Pending,321.9
O100922,C00069,P0029,Books,2023-09-30,4,321.9,Shipped,1287.6
O100923,C00148,P0096,Toys,2023-11-24,4,321.9,Returned,1287.6
O100924,C00011,P0005,Books,2023-01-02,4,321.9,Cancelled,1287.6
O100925,C00254,P0086,Electronics,2023-08-22,3,321.9,Shipped,965.6999999999999
O100926,C00038,P0047,Books,2023-09-13,3,321.9,Returned,965.6999999999999
O100927,C00134,P0034,Electronics,2023-04-19,4,321.9,Shipped,1287.6
O100928,C00200,P0065,Home,2023-02-05,3,321.9,Shipped,965.6999999999999
O100929,C00023,P0055,Books,2023-02-17,3,321.9,Returned,965.6999999999999
O100930,C00218,P0090,Home,2023-11-05,1,321.9,Shipped,321.9
O100931,C00141,P0043,Home,2023-09-21,1,321.9,Shipped,321.9
O100932,C00104,P0074,Clothing,2023-07-09,3,321.9,Cancelled,965.6999999999999
O100933,C00210,P0030,Electronics,2023-03-08,4,321.9,Returned,1287.6
O100934,C00111,P0082,Toys,2023-07-14,2,321.9,Returned,643.8
O100935,C00104,P0017,Electronics,2023-04-05,4,321.9,Pending,1287.6
O100936,C00171,P0026,Toys,2023-08-10,2,321.9,Shipped,643.8
O100937,C00133,P0008,Electronics,2023-10-30,4,321.9,Cancelled,1287.6
O100938,C00293,P0047,Home,2023-10-03,1,321.9,Shipped,321.9
O100939,C00127,P0076,Books,2023-03-29,3,321.9,Shipped,965.6999999999999
O100940,C00106,P0091,Books,2023-01-17,3,321.9,Pending,965.6999999999999
O100941,C00092,P0072,Clothing,2023-03-23,1,321.9,Shipped,321.9
O100942,C00287,P0089,Toys,2023-08-24,2,321.9,Cancelled,643.8
O100943,C00051,P0046,Toys,2023-05-01,2,321.9,Cancelled,643.8
O100944,C00029,P0068,Toys,2023-08-16,2,321.9,Pending,643.8
O100945,C00296,P0033,Home,2023-08-11,1,321.9,Shipped,321.9
O100946,C00297,P0001,Toys,2023-11-01,2,321.9,Cancelled,643.8
O100947,C00214,P0019,Books,2023-01-27,1,321.9,Shipped,321.9
O100948,C00267,P0031,Home,2023-11-21,4,321.9,Shipped,1287.6
O100949,C00257,P0080,Electronics,2023-12-03,4,321.9,Shipped,1287.6
O100950,C00101,P0014,Toys,2023-11-29,1,321.9,Pending,321.9
O100951,C00110,P0053,Toys,2023-04-23,3,321.9,Shipped,965.6999999999999
O100952,C00182,P0048,Electronics,2023-08-19,4,321.9,Cancelled,1287.6
O100953,C00001,P0069,Toys,2023-10-25,2,321.9,Shipped,643.8
O100954,C00055,P0090,Electronics,2023-04-21,1,321.9,Cancelled,321.9
O100955,C00149,P0062,Home,2023-12-01,2,321.9,Shipped,643.8
O100956,C00137,P0092,Books,2023-03-22,2,321.9,Cancelled,643.8
O100957,C00202,P0066,Electronics,2023-07-29,3,321.9,Cancelled,965.6999999999999
O100958,C00117,P0064,Clothing,2023-01-29,2,321.9,Shipped,643.8
O100959,C00154,P0070,Electronics,2023-10-25,3,321.9,Shipped,965.6999999999999
O100960,C00291,P0063,Toys,2023-04-20,4,321.9,Cancelled,1287.6
O100961,C00063,P0073,Home,2023-02-26,1,321.9,Returned,321.9
O100962,C00244,P0033,Home,2023-11-15,2,321.9,Pending,643.8
O100963,C00025,P0041,Electronics,2023-11-19,1,321.9,Returned,321.9
O100964,C00090,P0089,Books,2023-04-14,2,321.9,Returned,643.8
O100965,C00075,P0048,Clothing,2023-01-28,1,321.9,Shipped,321.9
O100966,C00294,P0013,Home,2023-07-11,2,321.9,Pending,643.8
O100967,C00210,P0073,Toys,2023-09-12,2,321.9,Returned,643.8
O100968,C00017,P0077,Toys,2023-08-01,2,321.9,Shipped,643.8
O100969,C00128,P0031,Books,2023-04-06,2,321.9,Returned,643.8
O100970,C00251,P0075,Home,2023-01-06,2,321.9,Returned,643.8
O100971,C00179,P0068,Electronics,2023-10-29,2,321.9,Shipped,643.8
O100972,C00182,P0098,Toys,2023-12-10,2,321.9,Shipped,643.8
O100973,C00152,P0004,Books,2023-05-10,2,321.9,Shipped,643.8
O100974,C00025,P0019,Home,2023-05-29,2,321.9,Pending,643.8
O100975,C00180,P0070,Home,2023-12-23,1,321.9,Returned,321.9
O100976,C00198,P0098,Home,2023-11-28,3,321.9,Shipped,965.6999999999999
O100977,C00161,P0082,Home,2023-07-16,2,321.9,Cancelled,643.8
O100978,C00177,P0013,Home,2023-08-11,3,321.9,Returned,965.6999999999999
O100979,C00285,P0023,Toys,2023-06-22,2,321.9,Cancelled,643.8
O100980,C00063,P0083,Books,2023-03-11,2,321.9,Pending,643.8
O100981,C00150,P0075,Home,2023-07-17,1,321.9,Shipped,321.9
O100982,C00154,P0001,Clothing,2023-11-07,4,321.9,Cancelled,1287.6
O100983,C00156,P0088,Clothing,2023-05-17,4,321.9,Pending,1287.6
O100984,C00049,P0054,Books,2023-07-18,1,321.9,Shipped,321.9
O100985,C00084,P0071,Electronics,2023-01-08,3,321.9,Cancelled,965.6999999999999
O100986,C00177,P0089,Electronics,2023-03-30,4,321.9,Cancelled,1287.6
O100987,C00148,P0085,Electronics,2023-03-14,1,321.9,Pending,321.9
O100988,C00118,P0015,Clothing,2023-01-20,1,321.9,Shipped,321.9
O100989,C00063,P0065,Electronics,2023-01-06,4,321.9,Shipped,1287.6
O100990,C00189,P0076,Toys,2023-10-28,3,321.9,Cancelled,965.6999999999999
O100991,C00049,P0071,Home,2023-08-09,1,321.9,Cancelled,321.9
O100992,C00257,P0015,Clothing,2023-07-04,2,321.9,Cancelled,643.8
O100993,C00224,P0021,Books,2023-10-12,3,321.9,Shipped,965.6999999999999
O100994,C00141,P0019,Books,2023-07-30,3,321.9,Pending,965.6999999999999
O100995,C00215,P0060,Home,2023-10-08,4,321.9,Pending,1287.6
O100996,C00211,P0093,Clothing,2023-08-13,4,321.9,Shipped,1287.6
O100997,C00032,P0089,Electronics,2023-04-14,2,321.9,Returned,643.8
O100998,C00158,P0033,Electronics,2023-03-02,1,321.9,Pending,321.9
O100999,C00285,P0049,Toys,2023-04-18,4,321.9,Cancelled,1287.6
